video_id,found_hashtags,video_description
7293175043465497889,['kpop'],things ex staff said about kpop idols pt 3 #kpop #kpopfyp #kpopviral #viral #fyp #kpopfacts #wncts #lesserafim #blackpink #bts #ive #itzy #â€unflopme 
7300414739799084321,['usa'],video funny & cute  #funnyvideos #meme #cute #fyp #viral #humor #usa 
7297053362237852970,['usa'],Number 1 is surprising ğŸ˜³ğŸ™ˆğŸ§ #usa #tiktok #history #fastfood #map #trend #perspective 
7311421071389887776,['kdrama'],Creepy facts about south korea ğŸ‡°ğŸ‡· #seoullife #korea #southkorea #seoul #koreatravel #coreedusud #kdrama #foryoupage #foryou 
7305849562822872352,['kdrama'],I was on the train at 2 am ğŸ« ğŸ«  #seoullife #korea #southkorea #seoul #koreatravel #coreedusud #kdrama #foryoupage #foryou 
7313576231247629614,['science'],The US Actually Funded Research For This Effect #theactionlab #effect #science #possible 
7313429474853555502,['science'],Is It Possible To Completely Fill a Klein Bottle? #theactionlab #science #possible 
7313406240044928299,['science'],Is It Possible To Completely Fill a Klein Bottle? #theactionlab #science #possible 
7313403133429026094,['science'],Is It Possible To Completely Fill a Klein Bottle? #theactionlab #science #possible 
7312488426404728106,"['science', 'education']",Lets test that theory #soundcheck #audio #science #education #fyp 
7314234929859054879,['usa'],#tiktok #fyp #movie #usa #greenbook
7307744412958739755,"['usa', 'politics']",Who is Americaâ€™s greatest war criminal? #warcrimes #usa #politics #HenryKissinger #DickCheney @Michelle Wolf @The Daily Show 
7309259574001847583,"['layoffs', 'tech']",Whats going on at Spotify?  #spotify #layoffs #parody #tech #businessnews 
7313956560017820959,['kpop'],No cuz her voice sound so angelic! #kpopfypã‚· #kpop #kpopstan #fyp #viralvideo #yunjin #lesserafim #fearnot 
7094280726245346565,"['accident', 'police']",Reply to @comicscarab248 kids car wonâ€™t stop #kid #car #accident #sad #scary #police #911 #help #panic
7304002175955406110,['kpop'],so good they had to change the choreo #seventeen #svt #carat #scoups #jeonghan #joshua #jun #hoshi #wonwoo #woozi #the8 #mingyu #dokyeom #seungkwan #vernon #dino #kpop #fyp #viral #trending #xcyzba #discoyoongi 
7313781321535393054,['kpop'],one of the funniest + iconic laughs I've ever heard #jin #seokjin #bts #bts_official_bighit #btsarmy #kpopfyp #kpop #fypã‚· #fyp 
7307395320307076394,['kpop'],canâ€™t let them know #fyp #foryoupage #foryou #fypã‚· #tiktok #lesserafim #kpop #perfect_night #PerfectNight #le_sserafim #mysterious #college 
7300304663302262047,['kpop'],she changed the landscape with that outfit â€¦ #fyp #fypã‚· #kpopfyp #kpop #lesserafim #huhyunjin #yunjin 
7312117998314147114,['cnn'],"Andre Braugher, star of 'Brooklyn Nine-Nine' and 'Homicide: Life On The Street,' died at age 61. #cnn #brooklyn99"
7309558058932391199,['news'],I can't wait to be a penguin marshall this weekend for the #pittsburgh #zoo Most mischievous 65$ ever spent. #meme #news #attackontitan #animals 
7311252180768427307,['usa'],I Made Earth Bigger Than the Sun and This Happened - Universe Sandbox#graystillplays   #animation    #animationmeme    #fyp   #fypã‚·ã‚šviral     #viraltiktok  #cartoon  #nanimation  #animationmeme  #foryourpage  #fortnite  #funny  #funnyvideos  #fytiktok  #povstories  #usa    #viral_video  #povs   #trendingsong  #trendingvideo  #trendingtiktok  #viralvideo  #tiktok  #foryoupageofficiall  #trendingsong
7306978158530645291,['kpop'],i didnt used to be like this how do i stop listening to kpop ğŸ˜­ #kpop #newjeans 
7309821711409761582,['security'],#fyp #fypã‚· #toys #gun #airport #security 
7307379957133610282,['football'],best goal on this list?! ğŸ‘‡ #football #soccer 
7299906490037488938,['football'],Y this lowkey tuffğŸ˜­ @Ö†tayGà¹ldğŸ†‰5  #CapCut #fyp #trending #trend #foryoupage #viral #football #athlete #templatecapcut 
7305856214972239146,['michigan'],im sorry the audio and the way this filter ended was too perfect not to post ğŸ˜­ #nonbinary #theythempronouns #michigan #fyp 
7308402976773770539,['taxes'],"Congestion Fees in NYC to start next year. Fees will be  $7-$36 per day to enter the area. For working families that's minimum $450 per month. The final fees are not finalized yet as there are 2 meetings this month on Dec 6, Dec 20, write your opinion below #newyork #congestionfee #traffic #nyctraffic #money #taxes #worklife #vehicles #foryourpage "
7308084034985282846,['kpop'],The way Cha Woonggi made history.   #chawoonggi #woonggi #kpop #boysplanet #bp #poll #real #zb1 #barbieworld #foryou #fyp #huhyunjeans 
7306619030633286958,"['tech', 'apple']",Thank you for sending it in @DadlifeJason!! #oddlysatisfying #iphonerepair #teletouch #crunchtime #tech #laser #apple 
7293569178781502762,['security'],Bro didnt know what he signed up for ğŸ˜‚ğŸ’€ #fyp #lmao #security 
7275635659635821855,['immigration'],Getting Past German Immigration #germany  #immigration #foilarmsandhog #German  #passport
7307035231440096544,['AI'],#AI #gpt4 #DALLE3 
7308065049753488670,['kpop'],mma ver of their songs are better than the orig imo ğŸ§â€â™€ï¸ . . . #kpopfyp #tiktok #hybe #foryou #viral #xzyabc #kpop #fyp #mma #MMA #mma2023 #newjeans #minji #hanni #danielle #haerin #hyein #newjeansnj #supershynj #etanj #coolwithyounj #getupnj #asapnj 
7304779857068772654,"['politics', 'joebiden']",#taylor #swift #taylorswift #shakeitoff #square #tiananmensquare #tiananmensquare1989 #tragedy #notcool #notcoolbro #tragic #tragicstory #chinese #china #chinatiktok #1989 #1989taylorsversion #taylorswifterastour #taylorswiftedit #politics #politicstiktok #xijingping #xijinping #donaldtrump #joebiden #tank #war #meme #memes #memestiktok #fyp 
7286296425896480043,['kpop'],WE CANNOT COMPETE ğŸ˜­ #jungkook #chaewon #ì •êµ­ #bts #btsarmy #kpop #korean #asian #fyp #xyzbca #foryou #justinjang 
7305696975066762501,['kdrama'],kdrama men's and their dramas pt 1.>>>#choihyunwook#ryeoun#byeonwooseok #leeminho #yangsejong #chaeunwoo #hwangminhyun #parkjihoon #leejaewook #gongyoo #namjoohyuk #ahnhyoseop #kdrama #foryoupage #fyp 
7296571791797947681,['kpop'],8 years ago and this still the best miskate in kpopğŸ¤§ #svt #seventeen #joshua #carat #kpop #fyp #viral 
7306395893228440862,['learnontiktok'],#chinese #learningchinese #learnontiktok #mandarin #characters #chinesetiktok #chinesecharacters #fyp 
7288444433639427333,['kpop'],Will never get over this #fyp #catallena #lesserafim #ive #wonyoung #chaewon #kanghyewon #izone #kpop #cover #catallenacover 
7296692424414399787,['kpop'],she was at a loss for words #sakura #lesserafim #izone #kpop
7285026009378852098,['kpop'],easy peasy lemon squeezy #fyp #foryou #kpop #sakura #yunjin #chaewon #lesserafim 
7305950107378175263,['entertainment'],#parksandrec #chrispratt #amypoehler #leslieknope#ronswanson #parksandrecbloopers #parksandrecreation #entertainment #film #televisionprogram #nbc #parks #and #recreation #fyp #foryourpage 
7302556113654779178,['immigration'],A great joke if you are smart #comedy #comedian #british #immigration #britain #accents #funny #lol #haha #funnyvideos #comedyvideo #standupcomedy #standup #fyp 
7305456545951649055,['kpop'],#jyp #newjeans #etanewjeans #kpop #fyp #viral #yiurqi #korea 
7274346367655464224,['kpop'],Sheâ€™s so pupu!â˜¹ï¸ #fy #fyp #foryou #foryoupage #fÃ¼rdich #kpop #kpopfyp #kpopfy #chaewon #lesserafim #izone #pupu #poopoo #cute 
7304869197010505002,['sports'],was feeling thankful until this bs happened #sports #hoopers 
7297841608588938501,['kpop'],IT GIRL ENERGY FRLL!! #chaewon #lesserafim #overwatch2 #kpop #kpopfyp #fyp #jinyyun 
7305074343288098049,"['kpop', 'kdrama']",THE DIFFERENCE REACTION TO NEWJEANS AND JYP ğŸ’€ğŸ˜­ğŸ˜­ #jyp #parkjinyoung #newjeans #reaction #bluedragonawards #ryujunyeol #bluedragonfilmawards2023 #fyp #funny #reaction #kpop #kdramafyp #kpopfyp #fyp #fypã‚· #foryoupage  #awardshow # #meme #sunghanbin #kpopfunny #viral #viralvideo #koreandrama #kdrama #boynextdoor
7305018658328284449,['kdrama'],why is it so funny tho #jyp #jypark #bluedragon #filmawards #kdrama #kdramafyp #kpopfyp #jaehyunsocks 
7305149410588020010,['kpop'],well he never fails to shock us #jyp #kpop #exo #exol #nct #nctzen #txt #carat 
7304007933308701984,['usa'],"Animals ChiropracticğŸ’šğŸ’šğŸ’š â€¢ â€¢ â€¢ Bitte nicht nachmachenâ€¼ï¸/ Please, dontâ€™t try thatâ€¼ï¸ #dogsoftiktok #viral #dog #chiropractortiktok #foryou #asmr #animals #usa #hundeliebe "
7304449608749452574,['football'],I think he can help them out #cat #football #nfl #giants #fyp #fyourpage 
7305635571018304799,['kdrama'],ğŸ˜‚ğŸ˜‚#mydemon #songkang #kimyoojung #kdrama 
7303794497761086751,['sports'],honestly inspiring ğŸ˜­ğŸ¤£ #tennis #sports #insportational #victory #viral #dailymemes #memes #funny #jokes #fyp #fypã‚· 
7304455902336142622,['usa'],A lot of patterns! #google #search #trends #usa #states #maptok #videogames #fortnite 
7304706967002565919,['police'],Replying to @reganpastori00 dude gets caught train hopping and gets arrested (pt.2) #police #busted #jail #cops #arrested #trainhopping #train #clipsdetwitch #gta5 #viralvideo 
7289929974218263850,['israel'],#israel #spongebob #language #fyp 
7301280508464401694,['russia'],Russian Immigrationâ€¦ #comedy #russia #russianimmigrant #ussr #russiatravel #vodka #irishcomedy #sketchcomedy #foryou #foilarmsandhog
7303794497761086751,['sports'],honestly inspiring ğŸ˜­ğŸ¤£ #tennis #sports #insportational #victory #viral #dailymemes #memes #funny #jokes #fyp #fypã‚· 
7303993155421080864,['usa'],#fyp #mattrife  #mattrifecomedy  #standupcomedy #standup #funny #interesting #joke #fypã‚· #fypã‚·ã‚šviral #first #happy #tiktok #foryou #foryourpage #usa #funnyvideos #funnymoments #trynottolaughtiktoktv #anime #acting #zyxcba #explore #edit 
7303893503967235360,['f1'],"Okay, show me what you can! #f1 #reactiontest #f1challenge #speed #reaction #maxverstappen #lewishamilton #racing #sport #effecthouse #gamertok "
7303869151976639751,['China'],Which floor is the groud floor in Chongqing? #China #Chongqing #cyberpunk #é‡åº† #travel 
7303041350318968094,['foxnews'],Please tell me yâ€™all get thisğŸ˜­ğŸ˜­ #wompwomp #howabsolutelydareyou #lockedinacage #fyp #foxnews
7284289674875522337,"['f1', 'formula1']",well he is the smooth operator #carlossainz #55 #fyp #f1 #formula1 #fia #foryou #formulaone #f1tiktok #f1edit #f12022 #monza #monzagp #ferrari #ferrariclub @Formula 1 @carlossainz55 @ferrari 
7295120539985792261,['rent'],#rent 
7302130012851866923,['golf'],Time to look for a new boyfriendğŸ˜¬ #golf #topgolf #golftiktok #boyfriend 
7299969817732189473,['kdrama'],I love this trope !! Perfct mix of hate & love #koreandrama #kdramas #mooninaday #kdrama #kdramaedit #koreanseries #kdrmalovers #chinesedrama #storyofkunningpalace #tilltheendofthemoon #myjouneytoyou #fyp #fouryoupage #alchemyofsouls #alchemyofsoulsseason2 #buisnessproposal #dylanwang #newkdrama2023 
7301867655386893574,"['kdrama', 'kdrama']",#classoflies #foryou #kdrama #foryou#fyp#viralvideo#foryou#dancewithpubgm#kdrama#xyzbca #foryou #fyp #viralvideo#viraltiktok#foryou#dancewithpubgm #kdrama#fyp#thailand#kdrama #kdrama#fyp#foryou #kdrama#foryou#fyp#viralvideo#kdrama #fyppppppppppppppppppppppp#foryoupage #kdrama #foryou #fyp#viralvideo#dancewithpubgm #foryou#dancewithpubgm#happines #foryou#kdrama#myname 
7302565524221857055,['kdrama'],his way of rizz #hometownchacha  #shinmimah  #kimseonho  #kdrama #kdramas #kdramalover #kdramaedit #kdramafyp #kdramalovers #kdramascene #kdramaromance #kdramarizz
7302500181814021406,['kpop'],karina we know what you are #fyp #aespa #aespa_official #karina #winter #kpop #kpopfyp #viral 
7301887950080478506,['usa'],How to avoid break-ins when sleeping in the truck ! #alexnino #truck #driver #vlog #us #usa #trucker #camping #trucks #CapCut 
7300999803994098990,['science'],RHCB vs HONEY ğŸ¯ğŸğŸ¯ . What's next? #donebyprofessional #professionaltest #dontattempt #rhcb #honey #fyp #science #experiment #satisfyingvideo #foryou #trends #fake #fakesmoke #notreal #asmr #asmrsounds 
7299005640645578017,['kpop'],gotta teach em the basics #lesserafim #perfectnight #kpop #korea 
7298520000858590510,['news'],Deedee Megadoodoo #newsbloopers #newsfail #deedeemegadoodoo #news #newsanchor 
7285083581158886699,['kpop'],THIS TREND IS TOO FUNNY #twice #sanasbabyhairs #whatislove #medieval #bardcore #bardcorekpop #kpop #fyp 
7293346062385892654,['police'],"Replying to @Kirsten Kurtti Full Video: Intense High Speed Sheriff Pursuit Ends With PIT Maneuver in Marion Country, Florida. Thanks Sir . Thanks for watching!!! #cops #copsoftiktok #police #policechase #fyp #fypage #share #dashcam "
7291687866688638251,['police'],#cops #copsoftiktok #police #policechase #fyp #fypage #share #dashcam 
7298061667080867102,['science'],The bells sens this over the edge #fy #itsalwayssunnyinphiladelphia #mac #robmcelhenney #dennisreynolds #glennhowerton #scienceisaliarsometimes #science #god #evolution #alwayssunny 
7293283456346246442,"['news', 'trump', 'trump2024']",#news #trump #trump2020 #trump2024 
7288374738643225902,['usa'],Vinegar house hill is a must visit in NYC!!ğŸ˜‹ğŸ—½ via @Madsmarcella  IG:nyc.or.nowhere #nyc #NYCguide #nyctravel #foodguide #newyorkcity #newyork #usatravel #Itineraries #nyctok #nyctiktok #usa 
7289183596143742213,['usa'],made a part 2 since yall liked the other one sm #geography #trivia #fypã‚· #scary #aesthetic #usa #ranking #appalachia #everglades #alaska #ozarks 
7291529351567346986,['police'],Today we will look at one of the most shocking and disturbing DUI Cases #police #sheriff #fyp #bodycam #arrested #part2 
7288006812664597803,['football'],Replying to @John Holloway #shanegillis #funny #jre #podcastclips #clips #handicap #football #sneaking #gabedavis #joerogan 
7277541299048287534,['science'],Math's Fundamental Flaw #veritasium #veritasiumcontest #math #fundamentals #science 
7290497908204506400,"['usa', 'news']",Best Live news failsğŸ¤£ğŸ¤£ #tv #funny #british #uk #usa #laugh #foryoupage #news #fails #livefail 
7286148273855827206,['usa'],"Anna,The girl who weighs 270 kilos struggles with obesity and self-hatred #tiktokusa #usa #fyp Movie #foryou #movieclip"
7294009064881671457,['usa'],Time to show your skills europe #quiz #map #europe #america #usa #americanpatriotism #geography #test
7294110468715810094,['tech'],Incredible technology #techtok #technology #robotics #artificialintelligence #interesting #future #tech #foryou 
7295063616720538913,['opinion'],lmk  #pokemon #pokemonbird #birds #pokemonfan #pokemoncommunity #opinion #goviral #iknowthemsowell #fyp 
7294094363833928992,['usa'],video funny & cute  #funnyvideos #meme #cute #fyp #viral #humor #usa 
7295002739040472353,['opinion'],lmk  #pokemon #dragonpokemon #pokemonfan #pokemoncommunity #fyp #iknowthemsowell #opinion #goviral 
7291331239225609504,['weather'],Jesus its a tad warm in Mckinney #texas #weather #warmweather #mckinney #dallas #weatherman #foryoupage #usweather #texasweather #usa_tiktok #fypã‚· 
7294008827966524704,"['news', 'palestine']",Bless the Onion for their backbone the last couple  of weeks #theonion #news #palestine #freepalestine #freepalestineğŸ‡µğŸ‡¸â¤ï¸ 
7275199042911587626,['healthcare'],Reacting to an ingrown nail removal! #ingrown #ingrowntoenail #ingrownremoval #ingrownnail #ingrowntoenailremoval #ingrownnailremoval #doctor #doctors #doctorsoftiktok #medicine #medical #medicalhumor #medicalvideos #surgery #nurse #nurses #podiatry #podiatrist #podiatric #surgeon #surgeons #footsurgeon #healthcare #scrublife 
7288138910729801003,['joebiden'],#shanegillis #shanegillisclips #joebiden #joke #standup #comedy #fyp 
7288887309150276907,['border'],#racism #spics #mexican #border #wallhopper #illegalimmigrants #ICE #deport #fyp #fypã‚· #silly 
7292488315930971424,['education'],"This animation could go on forever, there would always be infinitely thin gaps between the lines. No matter how many YEARS or DECADES you let this simulation run.  #math #mindblown #pi #pattern #animation #education #school #infinity #vivaldi "
7292828979549981984,['learnontiktok'],Pasta Alfredo. #cooking #chefmaxmariola #maxmariola #learnontiktok #imparacontiktok #maxmariolacucinapervoi 
7285891796163628334,"['trump', 'biden']",Replying to @Scott Eckard556 #standup #shanegillis #viral #comedyvideo #netflix #trump #biden #2024 #fakewords 
7283906506813132075,"['usa', 'science']",Whoever invented body armor is really a genius! #usa #tiktok #science #invention #bodyarmor 
7280921761351339296,['usa'],"Hey everyone,continue(part2) â¤ï¸ #reddit #usa #fyp #viral #foryou #foryoupage #paratii #creeky #redditstories "
7288928156864662830,['data'],Why dont they teach this in schools?! #fyp #meme #memes #history #graph #data #australia 
7284984640471862536,['sports'],Iâ€™d say it was about a V1  #bouldering #climbing #indoorbouldering #blochaus #girlswhoclimb #beta #sports #fit #fyp #climberthings #boulderingmeme 
7287614702123814177,['learnontiktok'],Spaghetti con le polpette. #cooking #chefmaxmariola #maxmariola #learnontiktok #imparacontiktok #maxmariolacucinapervoi 
7287418902542322977,['usa'],#ingrowntoenail #ingrowntoenailremoval #ingrownnail #ingrown #ingrowntoenailsurgery #infectedingrowntoenail #ingrowntoenailtreatment #toenails #toenailremoval #fyp #satisfying #pedicure #laykhoemongchan #nails #foot #feetnails #foryou #nails #usa 
7282396546245692715,['usa'],Change a lightbulb can earn $130000 #usa #tiktok #scienceexperiments #jobtips 
7271004868993666337,['usa'],They never run out of jokes ğŸ˜‚ #michealche #colinjost #weekendupdate #usa #trending #snl #fypã‚·ã‚šviral 
7285749180025408811,['learnontiktok'],#quicksort #mergesort #sorting #algorithms #visualization #learnontiktok
7280588242024402218,['learnontiktok'],Facts that could save your lifeâ€¼ï¸ | Part 11 | Watch till the end. #curiosity  #randomfacts  #learnontiktok  #factsyoudidntknow  #facts  #saveyourlife
7284720356475079979,['usa'],Do u have a fear of the ocean??? #ocean #sea #scary #horror #thalassophobia #creepy #fyp #7foot #fypã‚· #usa
7285611846948736287,['kpop'],Bro fr makes me wanna bend overğŸ˜­ #fyp #meme #funny #viral #kpop #twice #naturecollection #korean #foryou 
7282169818021645610,['police'],#fypã‚· #cops #foryou #cps #fyp #911 #police #new #tiktok 
7282053305285512491,['usa'],#fyp #foryou #foryoupage #treding #viral #viralvideo #usa #explore 
7278787105378077985,['police'],When 200IQ Teens Destroy Corrupt Cops. #cop #cops #copsoftiktok #police #omg 
7278356244123946273,['police'],When 200IQ Teens Destroy Corrupt Cops. #cop #cops #copsoftiktok #police #omg 
7283561350385634602,['usa'],#funny #farming #redneck #launchday #yeehaw #h2a #h2aalltheway #boer #farmer #farming #fyp #viral #2k23 #harvestZK25 #agri #crop #big #bluecollar #usa #lekker 
7277208832605048096,['police'],#copspulled #copspulledmeover #funnycops #funnycopvideos #funnycop #police #funnypolice #funnypolicevideo #copdance #copdancechallenge #policedance #policepulledmeover #funny #funnyvideos #fyp #foryou #fypã‚· #foryoupage #britishcomedy #britishcomedytings #britishhumour #britishmemes #copsmemes #copsbelike 
7283561350385634602,['usa'],#funny #farming #redneck #launchday #yeehaw #h2a #h2aalltheway #boer #farmer #farming #fyp #viral #2k23 #harvestZK25 #agri #crop #big #bluecollar #usa #lekker 
7280907266151189791,['science'],"Pythagoraâ€™s legendary cup, or how to drink less ğŸ·  #mystery #strange #science #astonishing #experiment #fear #horror #history "
7277272962661764358,"['news', 'usa']",Fourth in the list is Parmesan cheese #news #cheese #italy #tiktok #likes #pages #foryoupage #usa #canada #uk 
7275059617091161376,['usa'],They are the best duo ğŸ˜‚ #michealche #colinjost #northcarolina #usa #joke #snl 
7281629597169405226,"['learnontiktok', 'science']",Conway is amazing #math #learnontiktok #stem #science #mathteacher 
7281705059778383147,['news'],"Disciplinary action is still being discussed, according to school officials, and could include inside or outside suspensions as well as suspension from athletic activities. Full story at nbcboston.com.  #newhampshire #school #news #video #fyp "
6851362213324786949,['learnontiktok'],5 Undeniable Signs of An Incredible First DateğŸ’˜ #dating #tiktokpartner #learnontiktok #firstdate #relationshipadvice
6834149214033890565,['learnontiktok'],Rosacea #dermatology #skincare #rosacea #learnontiktok #skincarecheck #acne #skincaretips
7168286684474330374,['oscars'],"Michael J. Fox received an honorary Oscar for his fight against Parkinson's. Mike, you deserve that and much more, your fans are proud of you, you are an extraordinary person and practically a gift to the world.  . #michaeljfox #michaeljfoxedit #martymcfly #martymcflyedit #backtothefuture #backtothefutureedit #christopherlloyd #christopherlloydedit #docbrown #docbrownedit #robertzemeckis #bobgale #volveralfuturo #ritornoalfuturo #devoltaparaofuturo #retourverslefutur #tracypollan #tracypollanedit #familyties #familytiesedit #alexpkeaton #dochollywood #woodyharrelson #woodyharrelsonedit #jordanpeele #kekepalmer #edbegleyjr  #jamieleecurtis #jamieleecurtisedit #oscars #oscars2022 #governorsawards #fyp #foryou #fypã‚· #foryoupage "
7287152775434177793,['kdrama'],You ainâ€™t canâ€™t be k-drama-ing up with another girl ğŸ˜¤ #asianpodcast #relationship #dating #cheating #kdrama 
7276939632787393797,['kdrama'],"I'm back with ""content"" #ahnhyoseop #atimecalledyou #kdrama "
7280256252620508421,['kdrama'],QuedÃ³ enamoradoğŸ¤­ #atimecalledyou #ahnhyoseop #doramascoreanos #kdrama #s 
7073306076921285914,['kdrama'],âœ‹ğŸ˜­#abyss #ahnyoseop #parkboyoung #kdrama
7291002176908905734,['kdrama'],this is giving red flag ğŸ™„ #abyss #ahnhyoseop #kdrama #cdoramcool #fqtÃ—133 #fypã‚· #foryoupage #viral #fypage 
7273775551339302151,['kdrama'],#kdramaedit #kdrama #fyp #netflix #thiller #parasite#horror #
7245696969891532040,['kdrama'],my favs forever #nevertheless #neverthelesskdrama #kdrama #soljiwan #neverthelessedit #soljiwanedit #snakeskiin #fyp .
7269174103825845506,['kdrama'],You're welcome ì—¬ë¦„í–¥ê¸° #kdrama #funny #ì»¤í”Œ 
7238000936524729642,['kdrama'],be ready to jump thru the screen and HANDLE me a mf #kdrama #bullyingkdrama #kdramanetflix #netflixkorea #bullying #tomorrowkdrama #allofusaredead #uncannycounter #theglory #fyp #foryoupage #pov 
7246097443161459995,['kdrama'],my divorced parents || my fav kdrama everr#weightliftingfairykimbokjoo #kdramafyp #kdrama #fyp #joonhyung #kimbokjoo #dazywoo 
7272389802098511122,['kdrama'],#kdrama #destinedwithyou #sf9 #rowoon #fakeblood #fakesituation 
7299960670466919710,['kdrama'],someone wanted me to edit him to this song ğŸ•ºğŸ» #heqjinz #namjoohyuk #kimjiyong #vigilante #kdrama #kdramaedit #kdramafyp #foryou #foryoupage #fyp #fypã‚· #viral #trending 
7300674538164079905,['kdrama'],His walks are ğŸ”›ğŸ” | tysm for 21.5kğŸ«¶ğŸ» #truebeauty #seojun #kdrama #edit #fyp #viral #kdramaedit #velocity #koreanactor #hot #hwanginyeop #foryou 
7295883737974492462,['kdrama'],omg ğŸ˜­â¤ï¸ #twinklingwatermelon #kdrama #foryou #fyp
7220206917904239877,['kpop'],Aegyo sal tutorial                                                If you know the creator put on the coments please â˜ºï¸. #douyin #asianmakeup #kpop #koreanmakeup #douyinmakeup #asian #makeup #beauty #chinesemakeup #chinese #korean #tutorial #anime #maquiagem #fyp #fypã‚· 
7276142720005999905,['kpop'],#fyp #xiaohongshu #kpop #kbeauty #cbeauty #coquette #viral #yesstyle #douyin || cr : 497395604
7263133641797111046,['kpop'],ğŸ˜ #ningning #ningtok #aespa #kpop  #fyp #foryoupage #4u 
7299699228853505323,['kpop'],LIKE OMG ğŸ§ğŸ½â€â™€ï¸#aespa #ningning #karina #winter #giselle #kpop #fyp #xyzabc 
7263364062166191378,['kpop'],à¸ªà¸­à¸‡à¸«à¸™à¸´à¸‡à¸£à¹‰à¸­à¸™à¸ˆà¸µà¸™à¸Šà¸±à¸”à¸¡à¸²à¸à¹€à¸«à¸¡à¸·à¸­à¸™à¸„à¸™à¸ˆà¸µà¸™à¸ªà¸¸à¸”à¹†55555 #ningning #ningningaespa #aespa #kpop
7299840278016412929,['kpop'],The ningning look at meğŸ‘€ğŸ”¥âœ¨#aespa #edit #crazy #trend #fyp #sm #kpop #ãŠã™ã™ã‚ #é‹å–¶ã•ã‚“å¤§å¥½ã #ä¼¸ã³ã¦ #ãŠã™ã™ã‚ã«ã®ã‚ŠãŸã„ #aespa_official #viralvideo #eyes 
7297360962779303214,['kpop'],ningning you will always be famous #ningningisthequeenofkpop #aespa #kpopfyp #kpop #ningning 
7062453050639797551,['kpop'],this is a threat #yeppikura #ningning #ningningaespa #kpopfyp #kpop #ningningfancam #nextlevel #ningningğŸ¦‹
7302019022705511713,['kpop'],#ningning #aespa #drama #kpop #fancam #kep1bts 
7301724587488759070,['accident'],Thirsty after you catch on fire? @Stanley 1913 is like no problem i gotchu #fyp #carfire #accident #stanleycup 
7302246399159160110,['accident'],This womans cup survived a car fire #stanleycup #carfire #accident #foryou 
7257584518280924421,['kpop'],"Vi que muchos preguntaron sobre mis audifonos, asi q hice esto por si quieren verlos mejorğŸ«¶ğŸ¼ #headphones #aestheticheadphones #pinterestgirl #sony #sonyheadphones #bangtan #kpop "
7137504476126186798,['apple'],I know the sony ones have better sound and overall quality but the airpod maxâ€™s aesthetic just gets me ğŸ˜£ #sony #apple #headphones #haul 
7272896681362918687,['apple'],$500 for some bulky headphones? #fyp #apple #appleheadphones #dupes 
7178343130578685226,['tech'],Replying to @deerfoot0625 very important detective work #carterpcs #tech #techtok #headphones #sonywh1000xm4 #jennaortega 
7169413145662934315,['tech'],Replying to @clueless_cronnie What are your favorite over ear headphones? #carterpcs #tech #techtok #gaming #headphones #wirelessheadphones 
7175012517381508357,['usa'],#spongebob #europe #usa #fypage #bobleponge #fyp @NickelodeonUK @CNRU @CartoonNetworkUK 
7089045980355644677,['learnontiktok'],The ultimate comfort food ğŸ§€ #fyp #foodtiktok #lasagne #recipesoftiktok #lasagnerecipe #recipesoftiktok #recipevideo #tiktokfood #cheese #comfortfood #womenoftiktok #cakeshak #easyrecipes #learnontiktok
7054762405158604078,['learnontiktok'],Reply to @serweenie03 #teachyoutocook #learntocook #imyourmomnow #learnontiktok #tiktokpartner #casatiktok #lasagnarollups #dinnerideas #easyrecipe
7284755385741872427,['kpop'],coups is so sorry coded #scoups #svt #seventeen #carat #kpop #kpopfyp #fyp #svtedit #scoupsedit #kpopedit #edit #seventeenedit #foryoupage #jb 
7288016255364205867,['trump'],"â€œIf Trump doesnâ€™t get in, I think thatâ€™s the end of the country.â€ TV personality Caitlyn Jenner shares her thoughts on the 2024 U.S. presidential race while promoting her show ""House of Kardashian."" #caitlynjenner #donaldtrump #trump"
6928260934481759489,['kpop'],Momo and Chungha freestyle dance battle #twice #momo #chungha #kpop #fypã‚·
7053637891272019227,['kpop'],#momo #hiraimomo #twice #chungha #gottago #fypã‚· #kpop #foryoupage #kpoptiktok #kpopfyp #dancecover #xycbca
7182646240826379566,['learnontiktok'],Oil pulling â€¦ fact or cap ğŸ§¢â€¦ letâ€™s talk about it ğŸ‘€ğŸ¦·ğŸª¥ #oilpulling #teeth #learnontiktok #reaction 
7118061741136678150,['privacy'],#stitch with @ongsquad Melissa is a great example of a Mom who has been successful on SM while maintaining her childrens privacy and prioritizing their safety â¤ï¸ #socialmedia #influencers #momsoftiktok #parentsoftiktok #fyp #parenting #sharenting #kidsoftiktok #stitch #myopinion #onlinesafety #privacy
7276435477622836523,"['news', 'entertainment']","After the recent article about the toxic environment that goes on behind-the-scenes at The Tonight Show with Jimmy Fallon, this time that Martin Short called Jimmy a phony makes more sense now. #tonightshow #jimmyfallon #martinshort #stevemartin #thetonightshow #thetonightshowstarringjimmyfallon #thetonightshowwithjimmyfallon #interview #phony #phonyppl #funny #news #comedyvideo #entertainment #allegations "
7242157350407195946,['kpop'],TIKTOK ğŸ˜¨ğŸ˜¨ #twice #nayeon #jeongyeon #momo #sana #jihyo #mina #dahyun #chaeyoung #tyuzu #kpop #kpopfyp #fyp 
7282247682297498926,['kpop'],#fypã‚· #xzbcya #kpop #kepler #itzy #nmixx #ive #dance #bras #help 
7281763960251075870,['football'],Game day!!!!!!!!!! #wellesley #cheer #cheertok #highschool #highschoolcheer #varsity #whs #varsity #cheerleading #team #loud #football #walpole #team 
7210860435644370222,"['news', 'politics']","Students at Wellesley College voted in favor of opening admission to all nonbinary and transgender applicants, including trans men. #news #politics #LGBTQIA #fyp "
7261309955549154606,['sports'],Replying to @ğŸŒ¸ğŸ’œ Kate ğŸ’œğŸŒ¸ #tumbling #longvideo #flips #cheer #gymnastics #sports
7169413145662934315,['tech'],Replying to @clueless_cronnie What are your favorite over ear headphones? #carterpcs #tech #techtok #gaming #headphones #wirelessheadphones 
6861014311045778694,['leftist'],time to get out of the whitehouse mr President with ur *fake* Wharton degree @aoc.hypehouse #aoc #leftist #socialdemocracy
7085805724143488299,['abortion'],#mileytua speaks on #daniellecohn abortion. #fyp #abortion #childexploitationprevention
7273907524233989418,['golf'],Ploppy Dolly is sending me two more in a smaller size and different colors!!! ğŸ¤ğŸ’— Click on the link above ğŸ’‹ #ploppydollybodysuit #ploppydolly #ploppydollyshapewear #golf #snatched #fy #fyp #fypã‚· #foryoupage 
7270613972275973419,"['police', 'crime', 'crimetok']",The Mackenzie Shirilla case! Reposting to correct an error. #fyp #foryou #mackenzieshirilla #verdict #court #police #crime #crimetok #truecrime #truecrime #criminal #xyzbca #viral #viralvideo 
7193824111842413866,['abortion'],#abortion #taylorswift 
7192814876920761643,"['crimetok', 'crimetok', 'crime']",#greenscreen the brutal slaying if Seath Jackson #foryou #truecrime #truecrimecommunity #crimetok #truecrimetiktok #crimetok #crime #crimetiktok #truecrimeanytime #seathjackson #amberwright 
7274415446814756097,['kpop'],"ğŸš¨BIGGEST GIVEAWAY OF MY LIFEğŸš¨
â€Œ - 46 winners  - every city and country eligible - competition ends September 8 (when album drops) - tag a friend who can help you win ğŸ‘€
â€Œ everything you need at ericnam.com! see you soon â¤ï¸  #ericnam #ì—ë¦­ë‚¨ #kpop #pop #newmusic #houseonahill #dontleaveyet #onlyforamoment #fyp #tour #giveaway "
7204953150128704814,['politics'],We shop differently. #shopping #women #men #pinktax #politics
7222447706608799019,['kpop'],Should name drop #yslseulgi #ive #ivekpop #ivekitsch # #kpop #fyp
7290113049980161288,['kpop'],#ive #ivebaddie #baddie #ã‚¢ã‚¤ãƒ– #kpop #kpopå¥½ããªäººã¨ç¹‹ãŒã‚ŠãŸã„ #kpopé›‘é£Ÿ #kpopé›‘é£Ÿã‚ªã‚¿ã¨ç¹‹ãŒã‚ŠãŸã„ #ãŠã™ã™ã‚ã«ã®ã‚ŠãŸã„ #ãŠã™ã™ã‚ #æ­Œè© #æ­Œè©å‹•ç”» #æ­Œè©å’Œè¨³ 
7336293583432977665,['kpop'],TXT is rumoured to be having their comrback this april!  EDIT MADE BY @/soobloop on twitter! #txt #tomorrowxtogether #moa #kpop #soobin #yeonjun #beomgyu #taehyun #hueningkai 
7216132102662769966,['kpop'],|| can we not forget about him losing his keycard ğŸ˜­ğŸ˜­ || #felix #skz #kpop #straykids #stanstraykids #stanskz #kpopstan #straykidsstan #stay #straykidsstay #fyp #tiktok #viral #ily  
7119514231241805099,['kpop'],how he doesn't curse is is above me #straykids #felix #kpop #kpopfyp #foryou #fyp #xyzbca #kpoptiktok #PrimeDayDreamDeals
7334503514514754858,['kpop'],rightfull so i mean #iland #sunghoon #sunghooniland #parksunghoon #kpop #enhypen #viral #fyp #music #engene #enha #trend #lol #foryou #foryoupage #cute #jinscatearss 
7294915970466958597,['kpop'],Sunghoon is in his tiktok era #ENHYPEN #kpop #fypã‚· #viral #blowthisup 
7.20629E+18,['security'],This or that âœ¨Office Editionâœ¨  #marketing #officehumor #marketingtiktok #genztiktok #corporatetiktok #worktiktok #businesstiktok #tiktoksa #sacorporate #thisorthat #funny #fyp #foryoupage #security 
7.20629E+18,['security'],This or that âœ¨Office Editionâœ¨  #marketing #officehumor #marketingtiktok #genztiktok #corporatetiktok #worktiktok #businesstiktok #tiktoksa #sacorporate #thisorthat #funny #fyp #foryoupage #security 
7.33491E+18,['trump'],Indians are good at taking everything. Especially American jobs.  #indians #mexicans #trump #immigrants #jobs #americans #standupcomedy #standup #americans #jokes #fyp 
7.33966E+18,['sports'],#nfl  #americanfootball  #sports  #slideshow  #edit  #sportsedit  #fyp  #foryou 
7.33854E+18,"['politics', 'biden', 'trump']",I love Joe and Donald! #fyp #politics #jokes #standup #comedy #funny #biden #trump 
7.32708E+18,['trump'],"""He died like a dog"" ğŸ˜‚ğŸ˜‚ğŸ‘‘ #shanegillis #standup #trump #fyp #comedyvideo #xybca #beautifuldogs #netflix "
7.3375E+18,['trump2024'],Anyone got a plug?  #presidentsday #donaldtrump #neversurrender #sneakerhead #trump2024 #american #standupcomedy #comedy #standup #jokes #fyp
7.3375E+18,['trump2024'],Anyone got a plug?  #presidentsday #donaldtrump #neversurrender #sneakerhead #trump2024 #american #standupcomedy #comedy #standup #jokes #fyp
7.33705E+18,['visionpro'],I think she likes meğŸ˜€ #applevisionpro #visionpro #rizz #dating #asian #asiandating #comedy #firstdate 
7.33371E+18,['tech'],12 Wallpapers you need | More in my profile ğŸ”— Exclusive Wallpapers  @NIGHTPARADE  Day/Date & Font Tutorial  @NIGHTPARADE  #wallpaper #wallpaperengine #tech #techtok #gamingsetup #sukunaryomen #jjkedit 
7.33371E+18,['tech'],12 Wallpapers you need | More in my profile ğŸ”— Exclusive Wallpapers  @NIGHTPARADE  Day/Date & Font Tutorial  @NIGHTPARADE  #wallpaper #wallpaperengine #tech #techtok #gamingsetup #sukunaryomen #jjkedit 
7.33315E+18,['kpop'],BRO WENT FOR THE THROAT ğŸ˜­ğŸ˜­  #fyp #foryou #kpop #kpopfyp #hyunjshope #hyunjin #straykids #duolingo #uk
7.33315E+18,['kpop'],BRO WENT FOR THE THROAT ğŸ˜­ğŸ˜­  #fyp #foryou #kpop #kpopfyp #hyunjshope #hyunjin #straykids #duolingo #uk
7.33255E+18,['tech'],12 Wallpapers you need | More in my profile ğŸ”— Exclusive Wallpapers  @NIGHTPARADE  Day/Date & Font Tutorial  @NIGHTPARADE  #wallpaper #wallpaperengine #tech #techtok #gamingsetup #gojousatoru #bleachanime 
7.32871E+18,['tech'],"blow traditional cleaning methods away and say hello to a quick, convenient, eco- friendly solution! this air duster is ideal for cleaning electronics, graphics cards keyboards, dark, and tight spaces. it's compact and the design makes it easy to handle! get dusting today! #airduster #tech #pc #blowthisup "
7.32985E+18,"['football', 'premierleague']",ğŸ’€ğŸ’€#micahrichards #motd #football #ucl #premierleague #jamiecarragher #garrylineker 
7.32885E+18,['business'],This woman is smarter than Mark Cuban ğŸ˜³ Part 2 #fyp  #sharktank #business #money #motivation #rich #entrepeneur #investing #succes #wealth
7.32847E+18,['business'],This woman is smarter than Mark Cuban ğŸ˜³ Part 1  Amazon product links in bio!ğŸ‘†#fyp #sharktank #business #money #motivation #rich #entrepeneur #investing #succes #wealth
7.32848E+18,['business'],They all want this deal!!! Sharktank ğŸ’¸ #fyp #sharktank #business #deal #money #motivation #rich #entrepeneur #investing #succes #wealth
7.32707E+18,"['healthcare', 'trump', 'election', 'biden']",The correct answer is: biden trump obama clintons private equity wall street doctors big pharma big food hospitals and the consumer. #healthcare #trump #election #biden #fyp 
7.32643E+18,['kpop'],i love u bestie but ğŸ˜­ğŸ˜­ğŸ˜­ #fyp #korean #skz #kpop #bangchan 
7.32615E+18,['kpop'],Please ğŸ˜­ğŸ˜­ğŸ˜­ #suho #exo #kpopfyp #kpop #kpopfypã‚· #fanfiction #fanfic #cringe 
7.30406E+18,['healthcare'],"Are you asking yourself, ""why am i coughing so much even though im not sick anymore"" ""why is my cough lasting so long"" or ""why am i coughing so much at night""? I GOT YOU ğŸ¤§ğŸ˜µ #coughing #cough #lingeringcough #postnasaldrip #inhaler #nettipot #annoying #annoyingcough #sick #chestcold #throat #coughsyrup #coughsuppressant #antitussive #flonase #physicianassistant #healthcare #medicine #health #tips "
7.3258E+18,['trump'],Flew right into that one. Polly the parrot just repeats the clown. #heckler #standupcomedy #trump #funny #fyp 
7.32112E+18,['usa'],#stitch with @Bella carr @Billy Aumand #greenscreen #army #deployed #afghanistan #middleeast #usa #usarmy 
7.32287E+18,['usa'],Thr last nickname is crazy ğŸ˜‚#impracticaljokers #impracticaljokersclips #impracticaljokersedit #prank #funny #funnyvideos #fyp #foryou #fypã‚· #viralvideo #viraltiktok #trending  #viral #tiktok #usa 
7.30707E+18,['kpop'],J-Pop duo @YOASOBI react to @TWICEâ€™s viral TikTok of their song #Idol and reveal their favorite #Twice song! #CharacterMedia #jpop #kpop #yoasobi 
7.32079E+18,['science'],The inventor of the earthquake bed must be imprisoned #foryoupage #science #fyp 
7.3232E+18,['kpop'],YUNJIN ATE THIS LINE !!! I can't wait for the album! #YUNJIN #yunjinxmax #stupidinlove #viral #fyp #kpop #lesserafim #foryou #yunjinlesserafim #collab 
7.31663E+18,['kpop'],I'm totally not taking about myself... #newmusic #kpop #rnb #krnb #wintervibes 
7.32187E+18,['science'],#tpain #tpainchallenge #letterman #david #davidletterman #davidlettermanshow #davidlettermaninterview #sirisaacnewton #isaacnewton #newton #23 #lawofgravity #gravity #science #mansionwiscansin #rhyme #rap #meme #memes #memestiktok #fyp 
7.31839E+18,['tech'],Another magnetic charging power bank with metallic texture was found.#powerbank #magneticcharger #magsafe #tech #wirelesscharger #tiktokshop #fyp 
7.321E+18,"['police', 'learnontiktok']",#office #police #copsoftiktok #trending #viral #learnontiktok 
7.32088E+18,['kdrama'],The Kdrama Rizz is a whole episode ğŸ˜­ #fyp #viral #rizz #kdrama 
7.32067E+18,['kpop'],Must. Beat. Jungkook.  #fyp #fypã‚· #foryoupage #dance #kpop #kpopfyp #jungkook #standingnexttoyou 
7.31982E+18,['usa'],2018 era > #drake #bran #misfits #fitz #rapping #csgo #fyp #nostalgic #aus #usa #funny #banger #iconic #viralclips 
7.31257E+18,['uspolitics'],#barackobama #obama #president #uspolitics 
7.32046E+18,['kpop'],I won but at what cost ğŸ˜­ #kpop #twice 
7.3203E+18,['learnontiktok'],Bruh what #math #mathematics #mathteacher #learnontiktok #stem #computerscience 
7.30998E+18,['politics'],A great joke if you are cool #comedy #comedian #standup #standupcomedy #joke #jokes #humor #politics #lol #fyp #funnyvideos #comedyvideo 
7.31608E+18,['kpop'],Part1 #gidle #lesserafim #mama2023 #iconic #fyp #kpop #kpopfyp 
7.30996E+18,"['learnontiktok', 'education']",Ill never not find this weird #math #mathematics #mathteacher #learnontiktok #stem #education 
7.31991E+18,['learnontiktok'],Shane is the undercover policemanâ€¦ #naruto #netlfix #lovestory #shanegillis #joerogan #podcasts #learnontiktok #laugh #youtube @Drake 
7.31898E+18,['golf'],#foryou #viral #pgatour #golf #golfswing #golfshots #golftips #golftrickshot  
7.31957E+18,['goldenglobes'],When Ricky Gervais went absolutely ballistic at the Golden Globes attacking Hollywoodâ€¦ #interview #rickygervais #goldenglobes 
7.31996E+18,['tech'],12 Wallpapers you need | More in my profile ğŸ”— Exclusive Wallpapers  @NIGHTPARADE  Day/Date & Font Tutorial  @NIGHTPARADE  #wallpaper #wallpaperengine #tech #techtok #gamingsetup #jjkedit #sukunaryomen 
7.28885E+18,['trump'],Replying to @Chris Graffagnino stand-up pt23 #shanegillis #standup #netflix #trump #speech #beautifuldogs #funny #fakewords 
7.30122E+18,"['science', 'education']",Day in the life of an engineering student Ep. 203 - 3 questions took me 12 hours Dynamics homework done by The Potential Dropout #engtok #stemtok #student #engineering #mechanicalengineering #physics #adhd #hyperfocus #discipline #study #studying #final #exam #concentration  #focus #uni #college #school #genius #dayinthelife #vlog #thepotentialdropout #mcgill #montreal #mtl #514 #stem #science #adhdtok #education  #academia #academic #academicweapon #teaching #teacher #prof #professor #shortfilm #wongkarwai #fallenangels #chungkingexpress #movie #film #cinema #cinematic #cinematography #aesthetics  #photography #filmtok #cinematok #photoshoot #music #piano #pianist #sidehustle #sidehustles #nichetok #corecore #coretok
7.31154E+18,['football'],#keyandpeele #collegefootball #football #sportswrld #fypã‚·ã‚šviral #fyp #fypãƒ„ 
7.31816E+18,"['kpop', 'usa']",Part 1 #fyp #kpop #jennie #hanni #hyein #yunjin #baesuzy #sana #haerin #wonyoung #usa 
7.3186E+18,['sports'],Kickball Dad had a lot to say in 2023 #dadsoftiktok #dad #shopping #sports 
7.29512E+18,['kpop'],bro what are these people on dawgğŸ˜­â˜ ï¸ #fyp #korean #kpop  vc: @zayad 
7.31037E+18,['usa'],Part 3 #reddit #stories #reddit_tiktok #redditreadings #redditstories #foodasmr #fyp #usa 
7.31873E+18,['kdrama'],happy new year everyone #happiness #hanhyojoo #nochul #parkhyungsik #Hello2024 #kdrama #drama #fyp #kmovie #movie #moviekorea #korea #drakor 
7.31698E+18,['football'],Crazy if you think about it#fyp #foryou #nfl #football 
7.31577E+18,"['meta', 'tech']",throwback thursday #carnegiemellon #influencer #microinfluencer #computerscience #compsci #csmajors #engineering #meta #faang #facebook #amazon #google #tech #techtok #internship #softwareinternships #recruiting
7.31366E+18,"['football', 'sports']",He's booboo #justinfields #chicagobears #bears #nfl #football #sports 
7.31805E+18,['football'],Bro was literally juggling the ballğŸ˜­ğŸ˜­ #nfl #th3almightykeil #foryoupage #foryou #football #cfb #steelers #martavisbryant 
7.3166E+18,"['science', 'usa']",#science #fyp #usa 
7.3178E+18,['kdrama'],Such an insane plot twist yall wont be able to predict a single thing that happens!! 9/10 #deyatv #viral #kdrama #kdr #recommendations #shows #drama #forgotten #mystery #thriller #suspense #brothers #korean #kanghaneul #jinseok #kimmuyeol  #yooseok #eunwooleesuho 
7.31749E+18,['police'],#police #policeofficer #cops 
7.30459E+18,['science'],#fyp #cope #knowledge #theorie #popularscience #science 
7.31692E+18,['learnontiktok'],Catching 1000 ants and using them to catch crickets #ants #learnontiktok #crickets #foryou #fyp
7.31817E+18,['education'],#even #math #anymore #sat #question #bigbraintutor #school #education #mathhacks #chill #psat #studytok #chill 
7.31211E+18,['golf'],Really canâ€™t take her anywhereğŸ¤¦ğŸ»â€â™‚ï¸ #golftok #fyp #golf 
7.31775E+18,['learnontiktok'],This doesnt help the conjecture but its cool! #math #mathematics #numbertheory #stem #mathteacher #learnontiktok #primenumbers 
7.31583E+18,['tech'],the background music tooâ€¦ #carnegiemellon #influencer #microinfluencer #computerscience #compsci #csmajors #engineering #tech #techtok #pittsburgh #college #university 
7.28671E+18,['kpop'],they came to serve! .. literally #newjeans #supershy #kpopfyp #kpop #fyp 
7.3161E+18,['sports'],Sean Strickland ğŸ”¥ #UFC #sports #mma #fight #seanstrickland 
7.31034E+18,['DailyShow'],It shouldn't be this difficult. #DailyShow #guncontrol #comedy
7.31692E+18,['China'],"Zhengzhou-Luxembourg passenger air route opened on December 21st, making it China's first direct one to Luxembourg #Luxembourg #China #route #airline"
7.29875E+18,['usa'],video funny & cute  #funnyvideos #meme #cute #fyp #viral #humor #usa 
7.29801E+18,['healthcare'],Good as new #re #residentevil #re7 #re7biohazard #residentevil7 #ethanwinters #healthcare #americanhealthcare #ambulance #ambulancefee #real #relatable #meme #dankmemes #shitposting #foryou #fyp 
7.31603E+18,['usa'],#meme #federalregulations #usa 
7.3122E+18,['kdrama'],Yepâ€¦ thats why im single.  #kdrama #calls #arguments #fyp #viral #sound #lipsync #drama #acting #fun 
7.31668E+18,['kpop'],I hate how knetz try make them out to be the 'villains' when they're literally THE VICTIMS #kpop #fiftyfifty #boycottattrakt #freefiftyfifty #fiftyfiftycupid #fiftyfiftykpop #kpopfyp #kpoptiktok #fyp #viral #foryou #blowthisup 
7.3056E+18,['goodnews'],"@Ben Carpenter kept a secret from his fiance, @Sohee Carpenter for a year before revealing it on their wedding day #wedding #weddingtiktok #secret #goodnews #goodnewsontiktok #love "
7.30214E+18,['football'],The best save everğŸğŸ¥¶ #save #goat #football #soccer #goalkeeper #viral #fyp
7.31621E+18,['climatechange'],as a fellow swiftie this ENRAGES me. #taylorswift #carbonemissions #swifties #climatechange #fyp #climatecrisis #taylorsversion @Taylor Nation @Taylor Swift 
7.30801E+18,['business'],China introduced their invinsible cloak ğŸ‘€ ğŸ‘‰ Follow @businesssapience for more visible and valuable content! #invisibilitycloak #wealth #entrepreneurship #business #innovation #future 
7.31593E+18,['football'],This was genuinely unrealğŸ¤¯ğŸ¤¯ğŸ¤¯ #nflhighlights #football #superbowl #nfl #nflplayoffs #packers #cardinals #collegefootball #aaronrodgers #jets 
7.31585E+18,['science'],ğŸ˜ˆ #taylorswift #swifttok #taylorseries #mememath #mathematics #funny #maths #calculus #fyp #university #algebra #engineering #physics #mathtrick #mathjokes #sat #knowledge #science #college #lentejas #einstein 
7.31586E+18,['football'],THIS GAME WAS INSANEğŸ¤¯ğŸ¤¯ğŸ¤¯ #nflhighlights #football #superbowl #nfl #nflplayoffs #steelers #cardinals #nflmemes #collegefootball 
7.30919E+18,['accident'],basically everybody on earth is stealing from self checkouts â€” and that includes you ğŸ’¸ #money #groceryshopping #selfcheckout #accident 
7.31029E+18,['usa'],RaaahhhğŸ‡ºğŸ‡¸ğŸ‡ºğŸ‡¸ğŸ‡ºğŸ‡¸ğŸ‡ºğŸ‡¸ #freedom #democracy #usa #fighterjet #viral #fyp #tiktok
7.31628E+18,"['data', 'usa']",ğŸ„ğŸ„ğŸ„#fyp #trend #data #maps #christmas #map #usa
7.31623E+18,['kdrama'],i like this show #connect #connectkdrama #kdrama 
7.31579E+18,['f1'],"For legal reasons, this is a joke #fyp #f1memes #f12023 #f1funny #racingmemes #f1 #carlossainz #cs55 #charlesleclerc #grillthegrid "
7.31571E+18,['kpop'],#chaewon #real #yunjin #lesserafim #foryou #kpop #relatable
7.30899E+18,['usa'],thanks for the rapid gain in followers guys!! appreciate it. #geography #fypã‚· #creepy #scary #horror #usa #usa_tiktok #oklahoma #ohio #nevada #scotland 
7.30421E+18,['tech'],Spectacular advice keep your skidibi rizz up! #fyp #skibiditoilet #skibidi #ohio #billgates #tech #meme #memes #xybca #viral #podcast #motivation #ai #motivational #foryou 
7.31553E+18,['kpop'],What would you do? ğŸ‘€ğŸ˜‚ #vav #vampz #kpop #fyp #fypã‚· #yn #fanservice #concert #korean #kpopfyp 
7.30595E+18,['nyt'],#nyt #nytconnections #newyorktimes 
7.3152E+18,['football'],Bro did NOT pronounce it correctlyğŸ’€ğŸ’€ğŸ’€#fortnite #school #baseball #basketball #videoviral #trend #funny #prank #bruh #football #announcement #bingus #lol 
7.30217E+18,['education'],Do you know why the international date line looks SO STUPID? #reallifelore #lifelore #education #geography #documentary #internationaldateline #ocean #curiousity 
7.29588E+18,['kpop'],Most hated vs most loved member in kpop groups -thank you for 11k i love u guys- #kpop #kpopfyp #viral #kpopfications #trending
7.29447E+18,['kpop'],-KPOP IDOLS WHO WERE FORCED TO DO SOMETHING BY THEIR COMPANY #fyp #kpop #yuna #momo #momoland #bahiyyih #somi #chaeyoung 
